{
  "condition": "vividness",
  "n_evaluated": 100,
  "timestamp": "2026-03-16T18:55:58.246599",
  "overall": {
    "tool_accuracy": 0.5,
    "f1": 0.5725728291316527,
    "precision": 0.6066666666666667,
    "recall": 0.5822216117216117,
    "bleu1": 0.6708099373928893
  },
  "per_level": {
    "L1": {
      "n": 53,
      "tool_accuracy": 0.5849056603773585,
      "f1": 0.6397151313355531,
      "bleu1": 0.7023319447847749
    },
    "L2": {
      "n": 27,
      "tool_accuracy": 0.25925925925925924,
      "f1": 0.3604938271604939,
      "bleu1": 0.5777594788464354
    },
    "L3": {
      "n": 5,
      "tool_accuracy": 0.4,
      "f1": 0.6238095238095238,
      "bleu1": 0.5933333333333334
    },
    "L4": {
      "n": 15,
      "tool_accuracy": 0.6666666666666666,
      "f1": 0.7,
      "bleu1": 0.752748538011696
    }
  }
}