{
  "condition": "embedding",
  "n_evaluated": 100,
  "timestamp": "2026-03-16T19:01:32.304159",
  "overall": {
    "tool_accuracy": 0.44,
    "f1": 0.512342670401494,
    "precision": 0.5586666666666666,
    "recall": 0.518967032967033,
    "bleu1": 0.641230119518163
  },
  "per_level": {
    "L1": {
      "n": 53,
      "tool_accuracy": 0.5283018867924528,
      "f1": 0.5631203424766132,
      "bleu1": 0.6496957445070652
    },
    "L2": {
      "n": 27,
      "tool_accuracy": 0.1111111111111111,
      "f1": 0.22798353909465022,
      "bleu1": 0.5047924901185771
    },
    "L3": {
      "n": 5,
      "tool_accuracy": 0.4,
      "f1": 0.6466666666666667,
      "bleu1": 0.6333333333333333
    },
    "L4": {
      "n": 15,
      "tool_accuracy": 0.7333333333333333,
      "f1": 0.8,
      "bleu1": 0.8595382395382395
    }
  }
}